,labels,overall_quality_score,accuracy
0,20,53.2%,0.3304089709762533
1,40,53.1%,0.3302110817941952
2,60,53.1%,0.32981530343007914
3,80,51.2%,0.2963720316622691
4,100,51.2%,0.2963720316622691
5,110,51.1%,0.29610817941952505
6,120,51.5%,0.3185356200527705
7,130,51.5%,0.3186015831134565
